<llsd>
    <map>
    <key>ambient</key>
        <array>
            <real>0.20405027270317078</real>
            <real>0.24246673285961151</real>
            <real>0.32999998331069946</real>
            <real>0.10999999940395355</real>
        </array>
    <key>blue_density</key>
        <array>
            <real>0.44999998807907104</real>
            <real>0.44999998807907104</real>
            <real>0.44999998807907104</real>
            <real>1</real>
        </array>
    <key>blue_horizon</key>
        <array>
            <real>0.23999999463558197</real>
            <real>0.23999999463558197</real>
            <real>0.23999999463558197</real>
            <real>1</real>
        </array>
    <key>cloud_color</key>
        <array>
            <real>0.22615399956703186</real>
            <real>0.22615399956703186</real>
            <real>0.22615399956703186</real>
            <real>1</real>
        </array>
    <key>cloud_pos_density1</key>
        <array>
            <real>1.6884100437164307</real>
            <real>0.52609699964523315</real>
            <real>0.87999999523162842</real>
            <real>1</real>
        </array>
    <key>cloud_pos_density2</key>
        <array>
            <real>1.6884100437164307</real>
            <real>0.52609699964523315</real>
            <real>0.125</real>
            <real>1</real>
        </array>
    <key>cloud_scale</key>
        <array>
            <real>0.41999998688697815</real>
            <real>0</real>
            <real>0</real>
            <real>1</real>
        </array>
    <key>cloud_scroll_rate</key>
        <array>
            <real>10.49940013885498</real>
            <real>10.01099967956543</real>
        </array>
    <key>cloud_shadow</key>
        <array>
            <real>0.26999998092651367</real>
            <real>0</real>
            <real>0</real>
            <real>1</real>
        </array>
    <key>density_multiplier</key>
        <array>
            <real>0.00030000001424923539</real>
            <real>0</real>
            <real>0</real>
            <real>1</real>
        </array>
    <key>distance_multiplier</key>
        <array>
            <real>0</real>
            <real>0</real>
            <real>0</real>
            <real>1</real>
        </array>
    <key>east_angle</key>
        <real>0</real>
    <key>enable_cloud_scroll</key>
        <array>
            <boolean>1</boolean>
            <boolean>1</boolean>
        </array>
    <key>gamma</key>
        <array>
            <real>1</real>
            <real>0</real>
            <real>0</real>
            <real>1</real>
        </array>
    <key>glow</key>
        <array>
            <real>5</real>
            <real>0.0010000000474974513</real>
            <real>-0.47999998927116394</real>
            <real>1</real>
        </array>
    <key>haze_density</key>
        <array>
            <real>4</real>
            <real>0</real>
            <real>0</real>
            <real>1</real>
        </array>
    <key>haze_horizon</key>
        <array>
            <real>0</real>
            <real>0.19915600121021271</real>
            <real>0.19915600121021271</real>
            <real>1</real>
        </array>
    <key>lightnorm</key>
        <array>
            <real>0</real>
            <real>1</real>
            <real>-4.8876205482883961e-007</real>
            <real>1</real>
        </array>
    <key>max_y</key>
        <array>
            <real>906.20001220703125</real>
            <real>0</real>
            <real>0</real>
            <real>1</real>
        </array>
    <key>preset_num</key>
        <integer>22</integer>
    <key>star_brightness</key>
        <real>2</real>
    <key>sun_angle</key>
        <real>4.7123894691467285</real>
    <key>sunlight_color</key>
        <array>
            <real>0.34876692295074463</real>
            <real>0.35574248433113098</real>
            <real>0.65999996662139893</real>
            <real>0.2199999988079071</real>
        </array>
    </map>
</llsd>
