<llsd>
    <map>
    <key>ambient</key>
        <array>
            <real>0.29999998211860657</real>
            <real>0.23511900007724762</real>
            <real>0.31999999284744263</real>
            <real>1</real>
        </array>
    <key>blue_density</key>
        <array>
            <real>0.13977900147438049</real>
            <real>0.38499599695205688</real>
            <real>0.76999998092651367</real>
            <real>1</real>
        </array>
    <key>blue_horizon</key>
        <array>
            <real>0.18999999761581421</real>
            <real>0.18999999761581421</real>
            <real>0.18999999761581421</real>
            <real>1</real>
        </array>
    <key>cloud_color</key>
        <array>
            <real>0.22615399956703186</real>
            <real>0.22615399956703186</real>
            <real>0.22615399956703186</real>
            <real>1</real>
        </array>
    <key>cloud_pos_density1</key>
        <array>
            <real>5.3780298233032227</real>
            <real>1.9675600528717041</real>
            <real>1</real>
            <real>1</real>
        </array>
    <key>cloud_pos_density2</key>
        <array>
            <real>5.3780298233032227</real>
            <real>1.9675600528717041</real>
            <real>0.125</real>
            <real>1</real>
        </array>
    <key>cloud_scale</key>
        <array>
            <real>0.41999998688697815</real>
            <real>0</real>
            <real>0</real>
            <real>1</real>
        </array>
    <key>cloud_scroll_rate</key>
        <array>
            <real>10.739999771118164</real>
            <real>10.600000381469727</real>
        </array>
    <key>cloud_shadow</key>
        <array>
            <real>0.31000000238418579</real>
            <real>0</real>
            <real>0</real>
            <real>1</real>
        </array>
    <key>density_multiplier</key>
        <array>
            <real>0.00052000000141561031</real>
            <real>0</real>
            <real>0</real>
            <real>1</real>
        </array>
    <key>distance_multiplier</key>
        <array>
            <real>3.4000000953674316</real>
            <real>0</real>
            <real>0</real>
            <real>1</real>
        </array>
    <key>east_angle</key>
        <real>0</real>
    <key>enable_cloud_scroll</key>
        <array>
            <boolean>1</boolean>
            <boolean>1</boolean>
        </array>
    <key>gamma</key>
        <array>
            <real>0.77999997138977051</real>
            <real>0</real>
            <real>0</real>
            <real>1</real>
        </array>
    <key>glow</key>
        <array>
            <real>5</real>
            <real>0.0010000000474974513</real>
            <real>-0.47999998927116394</real>
            <real>1</real>
        </array>
    <key>haze_density</key>
        <array>
            <real>1.1000000238418579</real>
            <real>0</real>
            <real>0</real>
            <real>1</real>
        </array>
    <key>haze_horizon</key>
        <array>
            <real>0.12999999523162842</real>
            <real>0.19915600121021271</real>
            <real>0.19915600121021271</real>
            <real>1</real>
        </array>
    <key>lightnorm</key>
        <array>
            <real>0</real>
            <real>0.53582650423049927</real>
            <real>-0.84432810544967651</real>
            <real>0</real>
        </array>
    <key>max_y</key>
        <array>
            <real>656.20001220703125</real>
            <real>0</real>
            <real>0</real>
            <real>1</real>
        </array>
    <key>preset_num</key>
        <integer>28</integer>
    <key>star_brightness</key>
        <real>0</real>
    <key>sun_angle</key>
        <real>2.5761063098907471</real>
    <key>sunlight_color</key>
        <array>
            <real>2.1299998760223389</real>
            <real>1.5299999713897705</real>
            <real>2.8385701179504395</real>
            <real>1</real>
        </array>
    </map>
</llsd>
