<llsd>
    <map>
    <key>ambient</key>
        <array>
            <real>0</real>
            <real>0.15999999642372131</real>
            <real>0</real>
            <real>0.15999999642372131</real>
        </array>
    <key>blue_density</key>
        <array>
            <real>0.019999999552965164</real>
            <real>0.22999770939350128</real>
            <real>0.45999997854232788</real>
            <real>0.55000001192092896</real>
        </array>
    <key>blue_horizon</key>
        <array>
            <real>0</real>
            <real>0.6319204568862915</real>
            <real>0.74000000953674316</real>
            <real>0.84999996423721313</real>
        </array>
    <key>cloud_color</key>
        <array>
            <real>1</real>
            <real>0</real>
            <real>0</real>
            <real>1</real>
        </array>
    <key>cloud_pos_density1</key>
        <array>
            <real>0.53999996185302734</real>
            <real>0.50999999046325684</real>
            <real>0.23999999463558197</real>
            <real>1</real>
        </array>
    <key>cloud_pos_density2</key>
        <array>
            <real>0.5</real>
            <real>0.5</real>
            <real>0.059999998658895493</real>
            <real>1</real>
        </array>
    <key>cloud_scale</key>
        <array>
            <real>0.2800000011920929</real>
            <real>0</real>
            <real>0</real>
            <real>1</real>
        </array>
    <key>cloud_scroll_rate</key>
        <array>
            <real>20</real>
            <real>20</real>
        </array>
    <key>cloud_shadow</key>
        <array>
            <real>0.32999998331069946</real>
            <real>0</real>
            <real>0</real>
            <real>1</real>
        </array>
    <key>density_multiplier</key>
        <array>
            <real>0.00016999999934341758</real>
            <real>0</real>
            <real>0</real>
            <real>1</real>
        </array>
    <key>distance_multiplier</key>
        <array>
            <real>8.1000003814697266</real>
            <real>0</real>
            <real>0</real>
            <real>1</real>
        </array>
    <key>east_angle</key>
        <real>3.7699110507965088</real>
    <key>enable_cloud_scroll</key>
        <array>
            <boolean>0</boolean>
            <boolean>0</boolean>
        </array>
    <key>gamma</key>
        <array>
            <real>1.5399999618530273</real>
            <real>0</real>
            <real>0</real>
            <real>1</real>
        </array>
    <key>glow</key>
        <array>
            <real>0.39999961853027344</real>
            <real>0.0010000000474974513</real>
            <real>-0.49999997019767761</real>
            <real>1</real>
        </array>
    <key>haze_density</key>
        <array>
            <real>3.2599999904632568</real>
            <real>0</real>
            <real>0</real>
            <real>1</real>
        </array>
    <key>haze_horizon</key>
        <array>
            <real>0.4699999988079071</real>
            <real>0.19915600121021271</real>
            <real>0.19915600121021271</real>
            <real>1</real>
        </array>
    <key>lightnorm</key>
        <array>
            <real>0.58749508857727051</real>
            <real>-0.031410761177539825</real>
            <real>-0.80861783027648926</real>
            <real>0</real>
        </array>
    <key>max_y</key>
        <array>
            <real>1267.5999755859375</real>
            <real>0</real>
            <real>0</real>
            <real>1</real>
        </array>
    <key>preset_num</key>
        <integer>18</integer>
    <key>star_brightness</key>
        <real>0</real>
    <key>sun_angle</key>
        <real>-0.031415928155183792</real>
    <key>sunlight_color</key>
        <array>
            <real>0.75</real>
            <real>0.71999996900558472</real>
            <real>0.37800011038780212</real>
            <real>0.80999994277954102</real>
        </array>
    </map>
</llsd>
