<llsd>
    <map>
    <key>ambient</key>
        <array>
            <real>0</real>
            <real>0.059999998658895493</real>
            <real>0</real>
            <real>0.059999998658895493</real>
        </array>
    <key>blue_density</key>
        <array>
            <real>0</real>
            <real>0.099999994039535522</real>
            <real>0.32999998331069946</real>
            <real>0.32999998331069946</real>
        </array>
    <key>blue_horizon</key>
        <array>
            <real>0.029999999329447746</real>
            <real>0</real>
            <real>1</real>
            <real>1</real>
        </array>
    <key>cloud_color</key>
        <array>
            <real>0.81999999284744263</real>
            <real>0.18999999761581421</real>
            <real>0.039999999105930328</real>
            <real>0.81999999284744263</real>
        </array>
    <key>cloud_pos_density1</key>
        <array>
            <real>0.74000000953674316</real>
            <real>0.93999999761581421</real>
            <real>0.20999999344348907</real>
            <real>1</real>
        </array>
    <key>cloud_pos_density2</key>
        <array>
            <real>0.65999996662139893</real>
            <real>0.52999997138977051</real>
            <real>0.0099999997764825821</real>
            <real>1</real>
        </array>
    <key>cloud_scale</key>
        <array>
            <real>0.14000000059604645</real>
            <real>0</real>
            <real>0</real>
            <real>1</real>
        </array>
    <key>cloud_scroll_rate</key>
        <array>
            <real>18</real>
            <real>20</real>
        </array>
    <key>cloud_shadow</key>
        <array>
            <real>0.37999999523162842</real>
            <real>0</real>
            <real>0</real>
            <real>1</real>
        </array>
    <key>density_multiplier</key>
        <array>
            <real>0.00018000000272877514</real>
            <real>0</real>
            <real>0</real>
            <real>1</real>
        </array>
    <key>distance_multiplier</key>
        <array>
            <real>6.7000002861022949</real>
            <real>0</real>
            <real>0</real>
            <real>1</real>
        </array>
    <key>east_angle</key>
        <real>2.3247785568237305</real>
    <key>enable_cloud_scroll</key>
        <array>
            <boolean>1</boolean>
            <boolean>1</boolean>
        </array>
    <key>gamma</key>
        <array>
            <real>1.9499999284744263</real>
            <real>0</real>
            <real>0</real>
            <real>1</real>
        </array>
    <key>glow</key>
        <array>
            <real>17.399999618530273</real>
            <real>0.0010000000474974513</real>
            <real>-0.64999997615814209</real>
            <real>1</real>
        </array>
    <key>haze_density</key>
        <array>
            <real>0.40999999642372131</real>
            <real>0</real>
            <real>0</real>
            <real>1</real>
        </array>
    <key>haze_horizon</key>
        <array>
            <real>0.17000000178813934</real>
            <real>0.19915600121021271</real>
            <real>0.19915600121021271</real>
            <real>1</real>
        </array>
    <key>lightnorm</key>
        <array>
            <real>-0.72322052717208862</real>
            <real>0.12533323466777802</real>
            <real>-0.67914927005767822</real>
            <real>0</real>
        </array>
    <key>max_y</key>
        <array>
            <real>263</real>
            <real>0</real>
            <real>0</real>
            <real>1</real>
        </array>
    <key>preset_num</key>
        <integer>24</integer>
    <key>star_brightness</key>
        <real>1.0399999618530273</real>
    <key>sun_angle</key>
        <real>0.12566371262073517</real>
    <key>sunlight_color</key>
        <array>
            <real>1.5899999141693115</real>
            <real>1.5299999713897705</real>
            <real>0.53999996185302734</real>
            <real>1.5899999141693115</real>
        </array>
    </map>
</llsd>
