<llsd>
    <map>
    <key>ambient</key>
        <array>
            <real>0.80999994277954102</real>
            <real>0.46289783716201782</real>
            <real>0.62999993562698364</real>
            <real>0.26999998092651367</real>
        </array>
    <key>blue_density</key>
        <array>
            <real>0.15793180465698242</real>
            <real>0.43499568104743958</real>
            <real>0.87000000476837158</real>
            <real>0.87000000476837158</real>
        </array>
    <key>blue_horizon</key>
        <array>
            <real>0.20673196017742157</real>
            <real>0.40988314151763916</real>
            <real>0.47999998927116394</real>
            <real>0.47999998927116394</real>
        </array>
    <key>cloud_color</key>
        <array>
            <real>0.22616604226328718</real>
            <real>0.22616604226328718</real>
            <real>0.22616604226328718</real>
            <real>0.99997219085526012</real>
        </array>
    <key>cloud_pos_density1</key>
        <array>
            <real>1.6884100437164307</real>
            <real>0.52609699964523315</real>
            <real>0.88000025272481253</real>
            <real>1</real>
        </array>
    <key>cloud_pos_density2</key>
        <array>
            <real>1.6884100437164307</real>
            <real>0.52609699964523315</real>
            <real>0.125</real>
            <real>1</real>
        </array>
    <key>cloud_scale</key>
        <array>
            <real>0.41999998688697815</real>
            <real>0</real>
            <real>0</real>
            <real>1</real>
        </array>
    <key>cloud_scroll_rate</key>
        <array>
            <real>10.49940013883861</real>
            <real>10.010999679576344</real>
        </array>
    <key>cloud_shadow</key>
        <array>
            <real>0.26999998092651367</real>
            <real>0</real>
            <real>0</real>
            <real>1</real>
        </array>
    <key>density_multiplier</key>
        <array>
            <real>0.00062000000616535544</real>
            <real>0</real>
            <real>0</real>
            <real>1</real>
        </array>
    <key>distance_multiplier</key>
        <array>
            <real>2.6999279499073054</real>
            <real>0</real>
            <real>0</real>
            <real>1</real>
        </array>
    <key>east_angle</key>
        <real>0</real>
    <key>enable_cloud_scroll</key>
        <array>
            <boolean>1</boolean>
            <boolean>1</boolean>
        </array>
    <key>gamma</key>
        <array>
            <real>1</real>
            <real>0</real>
            <real>0</real>
            <real>1</real>
        </array>
    <key>glow</key>
        <array>
            <real>5.0009990693069994</real>
            <real>0.0010000000474963411</real>
            <real>-0.48000101923815919</real>
            <real>1</real>
        </array>
    <key>haze_density</key>
        <array>
            <real>0.53999996185302734</real>
            <real>0</real>
            <real>0</real>
            <real>1</real>
        </array>
    <key>haze_horizon</key>
        <array>
            <real>0.15999999642372131</real>
            <real>0.19915600121021271</real>
            <real>0.19915600121021271</real>
            <real>1</real>
        </array>
    <key>lightnorm</key>
        <array>
            <real>0</real>
            <real>0.094108223915100098</real>
            <real>0.99556195735931396</real>
            <real>0</real>
        </array>
    <key>max_y</key>
        <array>
            <real>563</real>
            <real>0</real>
            <real>0</real>
            <real>1</real>
        </array>
    <key>preset_num</key>
        <integer>22</integer>
    <key>star_brightness</key>
        <real>0</real>
    <key>sun_angle</key>
        <real>0.094247691333293915</real>
    <key>sunlight_color</key>
        <array>
            <real>2.369999885559082</real>
            <real>2.369999885559082</real>
            <real>2.369999885559082</real>
            <real>0.78999996185302734</real>
        </array>
    </map>
</llsd>
