<llsd>
    <map>
    <key>ambient</key>
        <array>
            <real>1.0199999809265137</real>
            <real>0.80999994277954102</real>
            <real>0.80999994277954102</real>
            <real>1.0199999809265137</real>
        </array>
    <key>blue_density</key>
        <array>
            <real>0.14522500336170197</real>
            <real>0.39999699592590332</real>
            <real>0.80000197887420654</real>
            <real>1</real>
        </array>
    <key>blue_horizon</key>
        <array>
            <real>0.10767599940299988</real>
            <real>0.21348699927330017</real>
            <real>0.25</real>
            <real>1</real>
        </array>
    <key>cloud_color</key>
        <array>
            <real>0.22615399956703186</real>
            <real>0.22615399956703186</real>
            <real>0.22615399956703186</real>
            <real>1</real>
        </array>
    <key>cloud_pos_density1</key>
        <array>
            <real>1.6884100437164307</real>
            <real>0.52609699964523315</real>
            <real>0.87999999523162842</real>
            <real>1</real>
        </array>
    <key>cloud_pos_density2</key>
        <array>
            <real>1.6884100437164307</real>
            <real>0.52609699964523315</real>
            <real>0.125</real>
            <real>1</real>
        </array>
    <key>cloud_scale</key>
        <array>
            <real>0.41999998688697815</real>
            <real>0</real>
            <real>0</real>
            <real>1</real>
        </array>
    <key>cloud_scroll_rate</key>
        <array>
            <real>10.49940013885498</real>
            <real>10.01099967956543</real>
        </array>
    <key>cloud_shadow</key>
        <array>
            <real>0.26999998092651367</real>
            <real>0</real>
            <real>0</real>
            <real>1</real>
        </array>
    <key>density_multiplier</key>
        <array>
            <real>0.00046000001020729542</real>
            <real>0</real>
            <real>0</real>
            <real>1</real>
        </array>
    <key>distance_multiplier</key>
        <array>
            <real>1</real>
            <real>0</real>
            <real>0</real>
            <real>1</real>
        </array>
    <key>east_angle</key>
        <real>0</real>
    <key>enable_cloud_scroll</key>
        <array>
            <boolean>1</boolean>
            <boolean>1</boolean>
        </array>
    <key>gamma</key>
        <array>
            <real>1</real>
            <real>0</real>
            <real>0</real>
            <real>1</real>
        </array>
    <key>glow</key>
        <array>
            <real>5</real>
            <real>0.0010000000474974513</real>
            <real>-0.47999998927116394</real>
            <real>1</real>
        </array>
    <key>haze_density</key>
        <array>
            <real>0.69999998807907104</real>
            <real>0</real>
            <real>0</real>
            <real>1</real>
        </array>
    <key>haze_horizon</key>
        <array>
            <real>0.15999999642372131</real>
            <real>0.19915600121021271</real>
            <real>0.19915600121021271</real>
            <real>1</real>
        </array>
    <key>lightnorm</key>
        <array>
            <real>0</real>
            <real>0.07532646507024765</real>
            <real>-0.99715894460678101</real>
            <real>0</real>
        </array>
    <key>max_y</key>
        <array>
            <real>562.5</real>
            <real>0</real>
            <real>0</real>
            <real>1</real>
        </array>
    <key>preset_num</key>
        <integer>22</integer>
    <key>star_brightness</key>
        <real>0</real>
    <key>sun_angle</key>
        <real>3.0661947727203369</real>
    <key>sunlight_color</key>
        <array>
            <real>2.8385701179504395</real>
            <real>2.8385701179504395</real>
            <real>2.8385701179504395</real>
            <real>1</real>
        </array>
    </map>
</llsd>

