<llsd>
    <map>
    <key>ambient</key>
        <array>
            <real>0.4823022186756134</real>
            <real>0.57310229539871216</real>
            <real>0.77999997138977051</real>
            <real>0.25999999046325684</real>
        </array>
    <key>blue_density</key>
        <array>
            <real>0.14522500336170197</real>
            <real>0.39999699592590332</real>
            <real>0.80000197887420654</real>
            <real>1</real>
        </array>
    <key>blue_horizon</key>
        <array>
            <real>0.15130999684333801</real>
            <real>0.30000001192092896</real>
            <real>0.35131001472473145</real>
            <real>1</real>
        </array>
    <key>cloud_color</key>
        <array>
            <real>0.12862999737262726</real>
            <real>0.12862999737262726</real>
            <real>0.12862999737262726</real>
            <real>1</real>
        </array>
    <key>cloud_pos_density1</key>
        <array>
            <real>0.88419097661972046</real>
            <real>0.53047597408294678</real>
            <real>0.4270470142364502</real>
            <real>1</real>
        </array>
    <key>cloud_pos_density2</key>
        <array>
            <real>0.38419300317764282</real>
            <real>0.5</real>
            <real>0.125</real>
            <real>1</real>
        </array>
    <key>cloud_scale</key>
        <array>
            <real>0.41999998688697815</real>
            <real>0</real>
            <real>0</real>
            <real>1</real>
        </array>
    <key>cloud_scroll_rate</key>
        <array>
            <real>10</real>
            <real>10</real>
        </array>
    <key>cloud_shadow</key>
        <array>
            <real>0.61711597442626953</real>
            <real>0</real>
            <real>0</real>
            <real>1</real>
        </array>
    <key>density_multiplier</key>
        <array>
            <real>0.0001250890054507181</real>
            <real>0</real>
            <real>0</real>
            <real>1</real>
        </array>
    <key>distance_multiplier</key>
        <array>
            <real>11.40000057220459</real>
            <real>0</real>
            <real>0</real>
            <real>1</real>
        </array>
    <key>east_angle</key>
        <real>0</real>
    <key>enable_cloud_scroll</key>
        <array>
            <boolean>1</boolean>
            <boolean>1</boolean>
        </array>
    <key>gamma</key>
        <array>
            <real>1</real>
            <real>0</real>
            <real>0</real>
            <real>1</real>
        </array>
    <key>glow</key>
        <array>
            <real>6.4079799652099609</real>
            <real>0.0012815999798476696</real>
            <real>-0.42292699217796326</real>
            <real>1</real>
        </array>
    <key>haze_density</key>
        <array>
            <real>4</real>
            <real>0</real>
            <real>0</real>
            <real>1</real>
        </array>
    <key>haze_horizon</key>
        <array>
            <real>0.21744099259376526</real>
            <real>0.21744099259376526</real>
            <real>0.21744099259376526</real>
            <real>1</real>
        </array>
    <key>lightnorm</key>
        <array>
            <real>0</real>
            <real>0.15643447637557983</real>
            <real>0.98768836259841919</real>
            <real>0</real>
        </array>
    <key>max_y</key>
        <array>
            <real>4000</real>
            <real>0</real>
            <real>0</real>
            <real>1</real>
        </array>
    <key>preset_num</key>
        <integer>2</integer>
    <key>star_brightness</key>
        <real>0</real>
    <key>sun_angle</key>
        <real>0.15707963705062866</real>
    <key>sunlight_color</key>
        <array>
            <real>3</real>
            <real>3</real>
            <real>3</real>
            <real>1</real>
        </array>
    </map>
</llsd>
