<llsd>
    <map>
    <key>ambient</key>
        <array>
            <real>0.14999999105930328</real>
            <real>0.14999999105930328</real>
            <real>0.14999999105930328</real>
            <real>0.049999997019767761</real>
        </array>
    <key>blue_density</key>
        <array>
            <real>0.18153078854084015</real>
            <real>0.49999505281448364</real>
            <real>1</real>
            <real>1</real>
        </array>
    <key>blue_horizon</key>
        <array>
            <real>0.43070217967033386</real>
            <real>0.85394656658172607</real>
            <real>1</real>
            <real>1</real>
        </array>
    <key>cloud_color</key>
        <array>
            <real>0.53962135314941406</real>
            <real>0.53962135314941406</real>
            <real>0.53962135314941406</real>
            <real>1</real>
        </array>
    <key>cloud_pos_density1</key>
        <array>
            <real>0.5</real>
            <real>0.5</real>
            <real>0.69569224119186401</real>
            <real>1</real>
        </array>
    <key>cloud_pos_density2</key>
        <array>
            <real>0.5</real>
            <real>0.5</real>
            <real>0.125</real>
            <real>1</real>
        </array>
    <key>cloud_scale</key>
        <array>
            <real>0.10999999195337296</real>
            <real>0</real>
            <real>0</real>
            <real>1</real>
        </array>
    <key>cloud_scroll_rate</key>
        <array>
            <real>10.49940013885498</real>
            <real>10.01099967956543</real>
        </array>
    <key>cloud_shadow</key>
        <array>
            <real>0.3765256404876709</real>
            <real>0</real>
            <real>0</real>
            <real>1</real>
        </array>
    <key>density_multiplier</key>
        <array>
            <real>0.0003499999875202775</real>
            <real>0</real>
            <real>0</real>
            <real>1</real>
        </array>
    <key>distance_multiplier</key>
        <array>
            <real>2.9846153259277344</real>
            <real>0</real>
            <real>0</real>
            <real>1</real>
        </array>
    <key>east_angle</key>
        <real>0</real>
    <key>enable_cloud_scroll</key>
        <array>
            <boolean>1</boolean>
            <boolean>1</boolean>
        </array>
    <key>gamma</key>
        <array>
            <real>1</real>
            <real>0</real>
            <real>0</real>
            <real>1</real>
        </array>
    <key>glow</key>
        <array>
            <real>4.2061538696289062</real>
            <real>0.0010000000474974513</real>
            <real>-0.44246155023574829</real>
            <real>1</real>
        </array>
    <key>haze_density</key>
        <array>
            <real>2.8830769062042236</real>
            <real>0</real>
            <real>0</real>
            <real>1</real>
        </array>
    <key>haze_horizon</key>
        <array>
            <real>0.49740666151046753</real>
            <real>0.19915600121021271</real>
            <real>0.19915600121021271</real>
            <real>1</real>
        </array>
    <key>lightnorm</key>
        <array>
            <real>0</real>
            <real>0.86074197292327881</real>
            <real>-0.50904154777526855</real>
            <real>0</real>
        </array>
    <key>max_y</key>
        <array>
            <real>600</real>
            <real>0</real>
            <real>0</real>
            <real>1</real>
        </array>
    <key>preset_num</key>
        <integer>10</integer>
    <key>star_brightness</key>
        <real>0</real>
    <key>sun_angle</key>
        <real>2.1048672199249268</real>
    <key>sunlight_color</key>
        <array>
            <real>0.88526362180709839</real>
            <real>1.2300000190734863</real>
            <real>1.2300000190734863</real>
            <real>0.40999999642372131</real>
        </array>
    </map>
</llsd>
