<llsd>
    <map>
    <key>ambient</key>
        <array>
            <real>0.89040267467498779</real>
            <real>1.0580335855484009</real>
            <real>1.4399999380111694</real>
            <real>0.47999998927116394</real>
        </array>
    <key>blue_density</key>
        <array>
            <real>0.14522500336170197</real>
            <real>0.39999699592590332</real>
            <real>0.80000197887420654</real>
            <real>1</real>
        </array>
    <key>blue_horizon</key>
        <array>
            <real>0.15130999684333801</real>
            <real>0.30000001192092896</real>
            <real>0.35131001472473145</real>
            <real>1</real>
        </array>
    <key>cloud_color</key>
        <array>
            <real>0.21396400034427643</real>
            <real>0.21396400034427643</real>
            <real>0.21396400034427643</real>
            <real>1</real>
        </array>
    <key>cloud_pos_density1</key>
        <array>
            <real>0.16495099663734436</real>
            <real>0.09771379828453064</real>
            <real>1</real>
            <real>1</real>
        </array>
    <key>cloud_pos_density2</key>
        <array>
            <real>0.5</real>
            <real>0.5</real>
            <real>0.079754598438739777</real>
            <real>1</real>
        </array>
    <key>cloud_scale</key>
        <array>
            <real>0.41999998688697815</real>
            <real>0</real>
            <real>0</real>
            <real>1</real>
        </array>
    <key>cloud_scroll_rate</key>
        <array>
            <real>9.644780158996582</real>
            <real>10.423800468444824</real>
        </array>
    <key>cloud_shadow</key>
        <array>
            <real>0.30061298608779907</real>
            <real>0</real>
            <real>0</real>
            <real>1</real>
        </array>
    <key>density_multiplier</key>
        <array>
            <real>0.00015800200344529003</real>
            <real>0</real>
            <real>0</real>
            <real>1</real>
        </array>
    <key>distance_multiplier</key>
        <array>
            <real>1</real>
            <real>0</real>
            <real>0</real>
            <real>1</real>
        </array>
    <key>east_angle</key>
        <real>0</real>
    <key>enable_cloud_scroll</key>
        <array>
            <boolean>1</boolean>
            <boolean>1</boolean>
        </array>
    <key>gamma</key>
        <array>
            <real>1</real>
            <real>0</real>
            <real>0</real>
            <real>1</real>
        </array>
    <key>glow</key>
        <array>
            <real>5</real>
            <real>0.0010000000474974513</real>
            <real>-0.33000001311302185</real>
            <real>1</real>
        </array>
    <key>haze_density</key>
        <array>
            <real>0.69999998807907104</real>
            <real>0</real>
            <real>0</real>
            <real>1</real>
        </array>
    <key>haze_horizon</key>
        <array>
            <real>0.13210900127887726</real>
            <real>0.13210900127887726</real>
            <real>0.13210900127887726</real>
            <real>1</real>
        </array>
    <key>lightnorm</key>
        <array>
            <real>0</real>
            <real>0.031410444527864456</real>
            <real>-0.99950659275054932</real>
            <real>0</real>
        </array>
    <key>max_y</key>
        <array>
            <real>600</real>
            <real>0</real>
            <real>0</real>
            <real>1</real>
        </array>
    <key>preset_num</key>
        <integer>3</integer>
    <key>star_brightness</key>
        <real>0</real>
    <key>sun_angle</key>
        <real>3.1101770401000977</real>
    <key>sunlight_color</key>
        <array>
            <real>3</real>
            <real>3</real>
            <real>3</real>
            <real>1</real>
        </array>
    </map>
</llsd>
