<llsd>
    <map>
    <key>ambient</key>
        <array>
            <real>0.31535112857818604</real>
            <real>0.37471914291381836</real>
            <real>0.50999999046325684</real>
            <real>0.17000000178813934</real>
        </array>
    <key>blue_density</key>
        <array>
            <real>0.11645399779081345</real>
            <real>0.32075101137161255</real>
            <real>0.64150899648666382</real>
            <real>1</real>
        </array>
    <key>blue_horizon</key>
        <array>
            <real>0.054176401346921921</real>
            <real>0.10741499811410904</real>
            <real>0.12578600645065308</real>
            <real>1</real>
        </array>
    <key>cloud_color</key>
        <array>
            <real>0.21396400034427643</real>
            <real>0.21396400034427643</real>
            <real>0.21396400034427643</real>
            <real>1</real>
        </array>
    <key>cloud_pos_density1</key>
        <array>
            <real>0.27044001221656799</real>
            <real>1</real>
            <real>1</real>
            <real>1</real>
        </array>
    <key>cloud_pos_density2</key>
        <array>
            <real>0.5</real>
            <real>0.5</real>
            <real>0.10062900185585022</real>
            <real>1</real>
        </array>
    <key>cloud_scale</key>
        <array>
            <real>0.41999998688697815</real>
            <real>0</real>
            <real>0</real>
            <real>1</real>
        </array>
    <key>cloud_scroll_rate</key>
        <array>
            <real>9.644780158996582</real>
            <real>10.423800468444824</real>
        </array>
    <key>cloud_shadow</key>
        <array>
            <real>0.32704401016235352</real>
            <real>0</real>
            <real>0</real>
            <real>1</real>
        </array>
    <key>density_multiplier</key>
        <array>
            <real>0.00015849100600462407</real>
            <real>0</real>
            <real>0</real>
            <real>1</real>
        </array>
    <key>distance_multiplier</key>
        <array>
            <real>3.4000000953674316</real>
            <real>0</real>
            <real>0</real>
            <real>1</real>
        </array>
    <key>east_angle</key>
        <real>0</real>
    <key>enable_cloud_scroll</key>
        <array>
            <boolean>1</boolean>
            <boolean>1</boolean>
        </array>
    <key>gamma</key>
        <array>
            <real>1</real>
            <real>0</real>
            <real>0</real>
            <real>1</real>
        </array>
    <key>glow</key>
        <array>
            <real>6.867919921875</real>
            <real>0.0013735899701714516</real>
            <real>-0.45328301191329956</real>
            <real>1</real>
        </array>
    <key>haze_density</key>
        <array>
            <real>0.6792449951171875</real>
            <real>0</real>
            <real>0</real>
            <real>1</real>
        </array>
    <key>haze_horizon</key>
        <array>
            <real>0.13210900127887726</real>
            <real>0.13210900127887726</real>
            <real>0.13210900127887726</real>
            <real>1</real>
        </array>
    <key>lightnorm</key>
        <array>
            <real>0</real>
            <real>0.031410444527864456</real>
            <real>-0.99950659275054932</real>
            <real>0</real>
        </array>
    <key>max_y</key>
        <array>
            <real>1308.1800537109375</real>
            <real>0</real>
            <real>0</real>
            <real>1</real>
        </array>
    <key>preset_num</key>
        <integer>5</integer>
    <key>star_brightness</key>
        <real>0</real>
    <key>sun_angle</key>
        <real>3.1101770401000977</real>
    <key>sunlight_color</key>
        <array>
            <real>3</real>
            <real>3</real>
            <real>3</real>
            <real>1</real>
        </array>
    </map>
</llsd>
