<llsd>
    <map>
    <key>ambient</key>
        <array>
            <real>0.23999999463558197</real>
            <real>0.23999999463558197</real>
            <real>0.23999999463558197</real>
            <real>0.079999998211860657</real>
        </array>
    <key>blue_density</key>
        <array>
            <real>0.16700799763202667</real>
            <real>0.45999500155448914</real>
            <real>0.92000001668930054</real>
            <real>1</real>
        </array>
    <key>blue_horizon</key>
        <array>
            <real>0.18089599907398224</real>
            <real>0.35865798592567444</real>
            <real>0.41999998688697815</real>
            <real>1</real>
        </array>
    <key>cloud_color</key>
        <array>
            <real>0.40999999642372131</real>
            <real>0.40999999642372131</real>
            <real>0.40999999642372131</real>
            <real>1</real>
        </array>
    <key>cloud_pos_density1</key>
        <array>
            <real>0.5</real>
            <real>0.5</real>
            <real>1</real>
            <real>1</real>
        </array>
    <key>cloud_pos_density2</key>
        <array>
            <real>0.5</real>
            <real>0.5</real>
            <real>0.125</real>
            <real>1</real>
        </array>
    <key>cloud_scale</key>
        <array>
            <real>0.41999998688697815</real>
            <real>0</real>
            <real>0</real>
            <real>1</real>
        </array>
    <key>cloud_scroll_rate</key>
        <array>
            <real>11.539999961853027</real>
            <real>10.01099967956543</real>
        </array>
    <key>cloud_shadow</key>
        <array>
            <real>0.36000001430511475</real>
            <real>0</real>
            <real>0</real>
            <real>1</real>
        </array>
    <key>density_multiplier</key>
        <array>
            <real>0.00042999998549930751</real>
            <real>0</real>
            <real>0</real>
            <real>1</real>
        </array>
    <key>distance_multiplier</key>
        <array>
            <real>8.1000003814697266</real>
            <real>0</real>
            <real>0</real>
            <real>1</real>
        </array>
    <key>east_angle</key>
        <real>0</real>
    <key>enable_cloud_scroll</key>
        <array>
            <boolean>1</boolean>
            <boolean>1</boolean>
        </array>
    <key>gamma</key>
        <array>
            <real>1</real>
            <real>0</real>
            <real>0</real>
            <real>1</real>
        </array>
    <key>glow</key>
        <array>
            <real>5</real>
            <real>0.0010000000474974513</real>
            <real>-0.51999998092651367</real>
            <real>1</real>
        </array>
    <key>haze_density</key>
        <array>
            <real>0.75</real>
            <real>0</real>
            <real>0</real>
            <real>1</real>
        </array>
    <key>haze_horizon</key>
        <array>
            <real>0.18000000715255737</real>
            <real>0.19915600121021271</real>
            <real>0.19915600121021271</real>
            <real>1</real>
        </array>
    <key>lightnorm</key>
        <array>
            <real>0</real>
            <real>0.89100658893585205</real>
            <real>0.45399042963981628</real>
            <real>0</real>
        </array>
    <key>max_y</key>
        <array>
            <real>718.70001220703125</real>
            <real>0</real>
            <real>0</real>
            <real>1</real>
        </array>
    <key>preset_num</key>
        <integer>23</integer>
    <key>star_brightness</key>
        <real>2</real>
    <key>sun_angle</key>
        <real>1.0995575189590454</real>
    <key>sunlight_color</key>
        <array>
            <real>0.33000001311302185</real>
            <real>0.33000001311302185</real>
            <real>0.33000001311302185</real>
            <real>1</real>
        </array>
    </map>
</llsd>
