<llsd>
    <map>
    <key>ambient</key>
        <array>
            <real>0</real>
            <real>0</real>
            <real>0.44999998807907104</real>
            <real>0.44999998807907104</real>
        </array>
    <key>blue_density</key>
        <array>
            <real>0.13997539444089213</real>
            <real>0.38665792478461469</real>
            <real>0.77332294252195766</real>
            <real>0.95108884837904384</real>
        </array>
    <key>blue_horizon</key>
        <array>
            <real>0</real>
            <real>0.22876684367656708</real>
            <real>0.290018230676651</real>
            <real>0.31999999284744263</real>
        </array>
    <key>cloud_color</key>
        <array>
            <real>0.25999999046325684</real>
            <real>0.28883209824562073</real>
            <real>0.28994369506835938</real>
            <real>0.28999999165534973</real>
        </array>
    <key>cloud_pos_density1</key>
        <array>
            <real>0.17999999225139618</real>
            <real>0.50999999046325684</real>
            <real>0.91999995708465576</real>
            <real>1</real>
        </array>
    <key>cloud_pos_density2</key>
        <array>
            <real>0.5</real>
            <real>0.5</real>
            <real>0.079999998211860657</real>
            <real>1</real>
        </array>
    <key>cloud_scale</key>
        <array>
            <real>0.25</real>
            <real>0</real>
            <real>0</real>
            <real>1</real>
        </array>
    <key>cloud_scroll_rate</key>
        <array>
            <real>10.436104517528292</real>
            <real>10</real>
        </array>
    <key>cloud_shadow</key>
        <array>
            <real>0.34000000357627869</real>
            <real>0</real>
            <real>0</real>
            <real>1</real>
        </array>
    <key>density_multiplier</key>
        <array>
            <real>0.0002899999963119626</real>
            <real>0</real>
            <real>0</real>
            <real>1</real>
        </array>
    <key>distance_multiplier</key>
        <array>
            <real>1.3000000715255737</real>
            <real>0</real>
            <real>0</real>
            <real>1</real>
        </array>
    <key>east_angle</key>
        <real>2.2619466781616211</real>
    <key>enable_cloud_scroll</key>
        <array>
            <boolean>1</boolean>
            <boolean>1</boolean>
        </array>
    <key>gamma</key>
        <array>
            <real>1.5399999618530273</real>
            <real>0</real>
            <real>0</real>
            <real>1</real>
        </array>
    <key>glow</key>
        <array>
            <real>4.0000009536743164</real>
            <real>0.0010000000474974513</real>
            <real>-0.74999994039535522</real>
            <real>1</real>
        </array>
    <key>haze_density</key>
        <array>
            <real>0.12999999523162842</real>
            <real>0</real>
            <real>0</real>
            <real>1</real>
        </array>
    <key>haze_horizon</key>
        <array>
            <real>0.14999999105930328</real>
            <real>0.19915600121021271</real>
            <real>0.19915600121021271</real>
            <real>1</real>
        </array>
    <key>lightnorm</key>
        <array>
            <real>-0.74630612134933472</real>
            <real>0.24868990480899811</real>
            <real>-0.61739814281463623</real>
            <real>0</real>
        </array>
    <key>max_y</key>
        <array>
            <real>394.39999389648437</real>
            <real>0</real>
            <real>0</real>
            <real>1</real>
        </array>
    <key>preset_num</key>
        <integer>18</integer>
    <key>star_brightness</key>
        <real>0.44999998807907104</real>
    <key>sun_angle</key>
        <real>0.25132742524147034</real>
    <key>sunlight_color</key>
        <array>
            <real>2.25</real>
            <real>1.957500696182251</real>
            <real>1.170000433921814</real>
            <real>0.75</real>
        </array>
    </map>
</llsd>
