<llsd>
    <map>
    <key>ambient</key>
        <array>
            <real>0</real>
            <real>0</real>
            <real>0</real>
            <real>0</real>
        </array>
    <key>blue_density</key>
        <array>
            <real>0.14522500336170197</real>
            <real>0.39999699592590332</real>
            <real>0.80000197887420654</real>
            <real>1</real>
        </array>
    <key>blue_horizon</key>
        <array>
            <real>0.43070214986801147</real>
            <real>0.85394668579101563</real>
            <real>1</real>
            <real>1</real>
        </array>
    <key>cloud_color</key>
        <array>
            <real>0.69999998807907104</real>
            <real>0.69999998807907104</real>
            <real>0.69999998807907104</real>
            <real>1</real>
        </array>
    <key>cloud_pos_density1</key>
        <array>
            <real>0.5</real>
            <real>0.5</real>
            <real>0.53999996185302734</real>
            <real>1</real>
        </array>
    <key>cloud_pos_density2</key>
        <array>
            <real>0.5</real>
            <real>0.5</real>
            <real>0.125</real>
            <real>1</real>
        </array>
    <key>cloud_scale</key>
        <array>
            <real>0.29999998211860657</real>
            <real>0</real>
            <real>0</real>
            <real>1</real>
        </array>
    <key>cloud_scroll_rate</key>
        <array>
            <real>10.199999809265137</real>
            <real>10.069999694824219</real>
        </array>
    <key>cloud_shadow</key>
        <array>
            <real>0.22999998927116394</real>
            <real>0</real>
            <real>0</real>
            <real>1</real>
        </array>
    <key>density_multiplier</key>
        <array>
            <real>0.0003499999875202775</real>
            <real>0</real>
            <real>0</real>
            <real>1</real>
        </array>
    <key>distance_multiplier</key>
        <array>
            <real>0</real>
            <real>0</real>
            <real>0</real>
            <real>1</real>
        </array>
    <key>east_angle</key>
        <real>0</real>
    <key>enable_cloud_scroll</key>
        <array>
            <boolean>1</boolean>
            <boolean>1</boolean>
        </array>
    <key>gamma</key>
        <array>
            <real>1.6100000143051147</real>
            <real>0</real>
            <real>0</real>
            <real>1</real>
        </array>
    <key>glow</key>
        <array>
            <real>3.7999999523162842</real>
            <real>0.0010000000474974513</real>
            <real>-0.5</real>
            <real>1</real>
        </array>
    <key>haze_density</key>
        <array>
            <real>0.69999998807907104</real>
            <real>0</real>
            <real>0</real>
            <real>1</real>
        </array>
    <key>haze_horizon</key>
        <array>
            <real>0.41999998688697815</real>
            <real>0.19915600121021271</real>
            <real>0.19915600121021271</real>
            <real>1</real>
        </array>
    <key>lightnorm</key>
        <array>
            <real>0</real>
            <real>1</real>
            <real>-4.3711388286737929e-008</real>
            <real>0</real>
        </array>
    <key>max_y</key>
        <array>
            <real>600</real>
            <real>0</real>
            <real>0</real>
            <real>1</real>
        </array>
    <key>preset_num</key>
        <integer>-1163005939</integer>
    <key>star_brightness</key>
        <real>0</real>
    <key>sun_angle</key>
        <real>1.5707963705062866</real>
    <key>sunlight_color</key>
        <array>
            <real>0.80999994277954102</real>
            <real>0.80999994277954102</real>
            <real>0.80999994277954102</real>
            <real>0.26999998092651367</real>
        </array>
    </map>
</llsd>
