<llsd>
    <map>
    <key>ambient</key>
        <array>
            <real>0.33000001311302185</real>
            <real>0.33000001311302185</real>
            <real>0.33000001311302185</real>
            <real>1</real>
        </array>
    <key>blue_density</key>
        <array>
            <real>0.16449999809265137</real>
            <real>0.4699999988079071</real>
            <real>0.93999999761581421</real>
            <real>1</real>
        </array>
    <key>blue_horizon</key>
        <array>
            <real>0.17547200620174408</real>
            <real>0.35094299912452698</real>
            <real>0.62000000476837158</real>
            <real>1</real>
        </array>
    <key>cloud_color</key>
        <array>
            <real>0.5899999737739563</real>
            <real>0.79000002145767212</real>
            <real>0.80000001192092896</real>
            <real>1</real>
        </array>
    <key>cloud_pos_density1</key>
        <array>
            <real>2.8148899078369141</real>
            <real>5.6909198760986328</real>
            <real>1</real>
            <real>1</real>
        </array>
    <key>cloud_pos_density2</key>
        <array>
            <real>5.9584097862243652</real>
            <real>6.9909601211547852</real>
            <real>0.070000000298023224</real>
            <real>1</real>
        </array>
    <key>cloud_scale</key>
        <array>
            <real>0.41999998688697815</real>
            <real>0</real>
            <real>0</real>
            <real>1</real>
        </array>
    <key>cloud_scroll_rate</key>
        <array>
            <real>9.9300003051757813</real>
            <real>10.199999809265137</real>
        </array>
    <key>cloud_shadow</key>
        <array>
            <real>0.25999999046325684</real>
            <real>0</real>
            <real>0</real>
            <real>1</real>
        </array>
    <key>density_multiplier</key>
        <array>
            <real>0.00039000000106170774</real>
            <real>0</real>
            <real>0</real>
            <real>1</real>
        </array>
    <key>distance_multiplier</key>
        <array>
            <real>0.69999998807907104</real>
            <real>0</real>
            <real>0</real>
            <real>1</real>
        </array>
    <key>east_angle</key>
        <real>0</real>
    <key>enable_cloud_scroll</key>
        <array>
            <boolean>1</boolean>
            <boolean>1</boolean>
        </array>
    <key>gamma</key>
        <array>
            <real>1.6100000143051147</real>
            <real>0</real>
            <real>0</real>
            <real>1</real>
        </array>
    <key>glow</key>
        <array>
            <real>5</real>
            <real>0.0010000000474974513</real>
            <real>-1.1599999666213989</real>
            <real>1</real>
        </array>
    <key>haze_density</key>
        <array>
            <real>0.20999999344348907</real>
            <real>0</real>
            <real>0</real>
            <real>1</real>
        </array>
    <key>haze_horizon</key>
        <array>
            <real>0.11999999731779099</real>
            <real>0.19915600121021271</real>
            <real>0.19915600121021271</real>
            <real>1</real>
        </array>
    <key>lightnorm</key>
        <array>
            <real>0</real>
            <real>1</real>
            <real>-4.3711388286737929e-008</real>
            <real>0</real>
        </array>
    <key>max_y</key>
        <array>
            <real>2250</real>
            <real>0</real>
            <real>0</real>
            <real>1</real>
        </array>
    <key>preset_num</key>
        <integer>24</integer>
    <key>star_brightness</key>
        <real>0</real>
    <key>sun_angle</key>
        <real>1.5707963705062866</real>
    <key>sunlight_color</key>
        <array>
            <real>1.2599999904632568</real>
            <real>1.2599999904632568</real>
            <real>1.2599999904632568</real>
            <real>1</real>
        </array>
    </map>
</llsd>
