<llsd>
    <map>
    <key>ambient</key>
        <array>
            <real>0.20405027105862608</real>
            <real>0.24246673976617727</real>
            <real>0.32999997392212316</real>
            <real>0.11000000166951449</real>
        </array>
    <key>blue_density</key>
        <array>
            <real>0.44999999369830818</real>
            <real>0.44999999398335949</real>
            <real>0.4499999944309046</real>
            <real>1</real>
        </array>
    <key>blue_horizon</key>
        <array>
            <real>0.23999999567946317</real>
            <real>0.23999999579784967</real>
            <real>0.23999999583870221</real>
            <real>1</real>
        </array>
    <key>cloud_color</key>
        <array>
            <real>0.22615400241575034</real>
            <real>0.22615400241575034</real>
            <real>0.22615400241575034</real>
            <real>1</real>
        </array>
    <key>cloud_pos_density1</key>
        <array>
            <real>0.5</real>
            <real>0.5</real>
            <real>0.88000000953711155</real>
            <real>1</real>
        </array>
    <key>cloud_pos_density2</key>
        <array>
            <real>0.5</real>
            <real>0.5</real>
            <real>0.125</real>
            <real>1</real>
        </array>
    <key>cloud_scale</key>
        <array>
            <real>0.41999998688697815</real>
            <real>0</real>
            <real>0</real>
            <real>1</real>
        </array>
    <key>cloud_scroll_rate</key>
        <array>
            <real>10.49940035411295</real>
            <real>10.011000104431371</real>
        </array>
    <key>cloud_shadow</key>
        <array>
            <real>0.36000001430511475</real>
            <real>0</real>
            <real>0</real>
            <real>1</real>
        </array>
    <key>density_multiplier</key>
        <array>
            <real>0.00030000001824737163</real>
            <real>0</real>
            <real>0</real>
            <real>1</real>
        </array>
    <key>distance_multiplier</key>
        <array>
            <real>3.0208916693946743e-009</real>
            <real>0</real>
            <real>0</real>
            <real>1</real>
        </array>
    <key>east_angle</key>
        <real>0</real>
    <key>enable_cloud_scroll</key>
        <array>
            <boolean>1</boolean>
            <boolean>1</boolean>
        </array>
    <key>gamma</key>
        <array>
            <real>1</real>
            <real>0</real>
            <real>0</real>
            <real>1</real>
        </array>
    <key>glow</key>
        <array>
            <real>5</real>
            <real>0.0010000000214212465</real>
            <real>-0.47999999165502744</real>
            <real>1</real>
        </array>
    <key>haze_density</key>
        <array>
            <real>3.9999999963077992</real>
            <real>0</real>
            <real>0</real>
            <real>1</real>
        </array>
    <key>haze_horizon</key>
        <array>
            <real>1.7901579546794781e-010</real>
            <real>0.19915600437467304</real>
            <real>0.19915600437467304</real>
            <real>1</real>
        </array>
    <key>lightnorm</key>
        <array>
            <real>0</real>
            <real>1</real>
            <real>3.0028815672267228e-005</real>
            <real>1</real>
        </array>
    <key>max_y</key>
        <array>
            <real>906.20003957594895</real>
            <real>0</real>
            <real>0</real>
            <real>1</real>
        </array>
    <key>preset_num</key>
        <integer>26</integer>
    <key>star_brightness</key>
        <real>2</real>
    <key>sun_angle</key>
        <real>4.7123589515686035</real>
    <key>sunlight_color</key>
        <array>
            <real>0.34876692389196384</real>
            <real>0.3557424864638451</real>
            <real>0.65999994893325931</real>
            <real>0.22000000284673543</real>
        </array>
    </map>
</llsd>
