<llsd>
    <map>
    <key>ambient</key>
        <array>
            <real>0.27825063467025757</real>
            <real>0.33063584566116333</real>
            <real>0.44999998807907104</real>
            <real>0.14999999105930328</real>
        </array>
    <key>blue_density</key>
        <array>
            <real>0.14522500336170197</real>
            <real>0.39999699592590332</real>
            <real>0.80000197887420654</real>
            <real>1</real>
        </array>
    <key>blue_horizon</key>
        <array>
            <real>0.15130999684333801</real>
            <real>0.30000001192092896</real>
            <real>0.35131001472473145</real>
            <real>1</real>
        </array>
    <key>cloud_color</key>
        <array>
            <real>0.22615399956703186</real>
            <real>0.22615399956703186</real>
            <real>0.22615399956703186</real>
            <real>1</real>
        </array>
    <key>cloud_pos_density1</key>
        <array>
            <real>1.2046600580215454</real>
            <real>0.51547497510910034</real>
            <real>1</real>
            <real>1</real>
        </array>
    <key>cloud_pos_density2</key>
        <array>
            <real>1.2046600580215454</real>
            <real>0.51547497510910034</real>
            <real>0.125</real>
            <real>1</real>
        </array>
    <key>cloud_scale</key>
        <array>
            <real>0.41999998688697815</real>
            <real>0</real>
            <real>0</real>
            <real>1</real>
        </array>
    <key>cloud_scroll_rate</key>
        <array>
            <real>10.49940013885498</real>
            <real>10.01099967956543</real>
        </array>
    <key>cloud_shadow</key>
        <array>
            <real>0.33064401149749756</real>
            <real>0</real>
            <real>0</real>
            <real>1</real>
        </array>
    <key>density_multiplier</key>
        <array>
            <real>0.0003499999875202775</real>
            <real>0</real>
            <real>0</real>
            <real>1</real>
        </array>
    <key>distance_multiplier</key>
        <array>
            <real>3.4000000953674316</real>
            <real>0</real>
            <real>0</real>
            <real>1</real>
        </array>
    <key>east_angle</key>
        <real>0</real>
    <key>enable_cloud_scroll</key>
        <array>
            <boolean>1</boolean>
            <boolean>1</boolean>
        </array>
    <key>gamma</key>
        <array>
            <real>1</real>
            <real>0</real>
            <real>0</real>
            <real>1</real>
        </array>
    <key>glow</key>
        <array>
            <real>5</real>
            <real>0.0010000000474974513</real>
            <real>-0.36000001430511475</real>
            <real>1</real>
        </array>
    <key>haze_density</key>
        <array>
            <real>0.69999998807907104</real>
            <real>0</real>
            <real>0</real>
            <real>1</real>
        </array>
    <key>haze_horizon</key>
        <array>
            <real>0.19915600121021271</real>
            <real>0.19915600121021271</real>
            <real>0.19915600121021271</real>
            <real>1</real>
        </array>
    <key>lightnorm</key>
        <array>
            <real>0</real>
            <real>0.062790460884571075</real>
            <real>-0.99802672863006592</real>
            <real>0</real>
        </array>
    <key>max_y</key>
        <array>
            <real>600</real>
            <real>0</real>
            <real>0</real>
            <real>1</real>
        </array>
    <key>preset_num</key>
        <integer>27</integer>
    <key>star_brightness</key>
        <real>0</real>
    <key>sun_angle</key>
        <real>3.0787608623504639</real>
    <key>sunlight_color</key>
        <array>
            <real>2.8385701179504395</real>
            <real>2.8385701179504395</real>
            <real>2.8385701179504395</real>
            <real>1</real>
        </array>
    </map>
</llsd>
