<llsd>
    <map>
    <key>ambient</key>
        <array>
            <real>0.8399999737739563</real>
            <real>0.090738050639629364</real>
            <real>0.1234893873333931</real>
            <real>0.8399999737739563</real>
        </array>
    <key>blue_density</key>
        <array>
            <real>0.93999999761581421</real>
            <real>0.69999998807907104</real>
            <real>0.25</real>
            <real>0.93999999761581421</real>
        </array>
    <key>blue_horizon</key>
        <array>
            <real>1</real>
            <real>0.59999996423721313</real>
            <real>0.25001853704452515</real>
            <real>1</real>
        </array>
    <key>cloud_color</key>
        <array>
            <real>0.65999996662139893</real>
            <real>0.38999998569488525</real>
            <real>0.22618354856967926</real>
            <real>0.65999996662139893</real>
        </array>
    <key>cloud_pos_density1</key>
        <array>
            <real>0.76999998092651367</real>
            <real>0.50999999046325684</real>
            <real>1</real>
            <real>1</real>
        </array>
    <key>cloud_pos_density2</key>
        <array>
            <real>0.5</real>
            <real>0.5899999737739563</real>
            <real>0.019999999552965164</real>
            <real>1</real>
        </array>
    <key>cloud_scale</key>
        <array>
            <real>0.26999998092651367</real>
            <real>0</real>
            <real>0</real>
            <real>1</real>
        </array>
    <key>cloud_scroll_rate</key>
        <array>
            <real>9.4499998092651367</real>
            <real>9.4399995803833008</real>
        </array>
    <key>cloud_shadow</key>
        <array>
            <real>0.5</real>
            <real>0</real>
            <real>0</real>
            <real>1</real>
        </array>
    <key>density_multiplier</key>
        <array>
            <real>0.00019999999494757503</real>
            <real>0</real>
            <real>0</real>
            <real>1</real>
        </array>
    <key>distance_multiplier</key>
        <array>
            <real>6.7000002861022949</real>
            <real>0</real>
            <real>0</real>
            <real>1</real>
        </array>
    <key>east_angle</key>
        <real>3.7070791721343994</real>
    <key>enable_cloud_scroll</key>
        <array>
            <boolean>1</boolean>
            <boolean>1</boolean>
        </array>
    <key>gamma</key>
        <array>
            <real>1.4800000190734863</real>
            <real>0</real>
            <real>0</real>
            <real>1</real>
        </array>
    <key>glow</key>
        <array>
            <real>0.79999923706054688</real>
            <real>0.0010000000474974513</real>
            <real>-0.94999998807907104</real>
            <real>1</real>
        </array>
    <key>haze_density</key>
        <array>
            <real>0.89999997615814209</real>
            <real>0</real>
            <real>0</real>
            <real>1</real>
        </array>
    <key>haze_horizon</key>
        <array>
            <real>0.29999998211860657</real>
            <real>0.19915600121021271</real>
            <real>0.19915600121021271</real>
            <real>1</real>
        </array>
    <key>lightnorm</key>
        <array>
            <real>0.53160154819488525</real>
            <real>0.12533323466777802</real>
            <real>-0.83767020702362061</real>
            <real>0</real>
        </array>
    <key>max_y</key>
        <array>
            <real>281.70001220703125</real>
            <real>0</real>
            <real>0</real>
            <real>1</real>
        </array>
    <key>preset_num</key>
        <integer>18</integer>
    <key>star_brightness</key>
        <real>1.3799999952316284</real>
    <key>sun_angle</key>
        <real>0.12566371262073517</real>
    <key>sunlight_color</key>
        <array>
            <real>0.75</real>
            <real>1.6800000667572021</real>
            <real>1.0777359008789062</real>
            <real>0.56000000238418579</real>
        </array>
    </map>
</llsd>
