<llsd><map><key>Asi Weird</key><map><key>bloom_strength</key><real>4.5799999237060547</real><key>bloom_width</key><real>12.539999961853027</real><key>brightness</key><real>0.89999997615814209</real><key>brightness_multiplier</key><real>3</real><key>contrast</key><real>0.22999998927116394</real><key>contrast_base</key><array><real>1</real><real>1</real><real>1</real><real>0.5</real></array><key>enable_bloom</key><integer>1</integer><key>enable_color_filter</key><integer>1</integer><key>enable_night_vision</key><boolean>0</boolean><key>extract_high</key><real>1</real><key>extract_low</key><real>0.47999998927116394</real><key>noise_size</key><real>25</real><key>noise_strength</key><real>0.40000000000000002</real><key>saturation</key><real>-1</real></map><key>NegativeSaturation</key><map><key>bloom_strength</key><real>1.5</real><key>bloom_width</key><real>2.25</real><key>brightness</key><real>1</real><key>brightness_multiplier</key><real>3</real><key>contrast</key><real>1</real><key>contrast_base</key><array><real>1</real><real>1</real><real>1</real><real>0.5</real></array><key>enable_bloom</key><boolean>0</boolean><key>enable_color_filter</key><integer>1</integer><key>enable_night_vision</key><boolean>0</boolean><key>extract_high</key><real>1</real><key>extract_low</key><real>0.94999999999999996</real><key>noise_size</key><real>25</real><key>noise_strength</key><real>0.40000000000000002</real><key>saturation</key><real>-1</real></map><key>NightVision</key><map><key>bloom_strength</key><real>1.5</real><key>bloom_width</key><real>2.25</real><key>brightness</key><real>1</real><key>brightness_multiplier</key><real>3</real><key>contrast</key><real>1</real><key>contrast_base</key><array><real>1</real><real>1</real><real>1</real><real>0.5</real></array><key>enable_bloom</key><boolean>0</boolean><key>enable_color_filter</key><boolean>0</boolean><key>enable_night_vision</key><integer>1</integer><key>extract_high</key><real>1</real><key>extract_low</key><real>0.94999999999999996</real><key>noise_size</key><real>25</real><key>noise_strength</key><real>0.40000000000000002</real><key>saturation</key><real>1</real></map><key>WGhost</key><map><key>bloom_strength</key><real>2.0399999618530273</real><key>bloom_width</key><real>2.25</real><key>brightness</key><real>1</real><key>brightness_multiplier</key><real>3</real><key>contrast</key><real>1</real><key>contrast_base</key><array><real>1</real><real>1</real><real>1</real><real>0.5</real></array><key>enable_bloom</key><integer>1</integer><key>enable_color_filter</key><boolean>0</boolean><key>enable_night_vision</key><boolean>0</boolean><key>extract_high</key><real>1</real><key>extract_low</key><real>0.22999998927116394</real><key>noise_size</key><real>25</real><key>noise_strength</key><real>0.40000000000000002</real><key>saturation</key><real>1</real></map><key>default</key><map><key>bloom_strength</key><real>1.5</real><key>bloom_width</key><real>2.25</real><key>brightness</key><real>1</real><key>brightness_multiplier</key><real>3</real><key>contrast</key><real>1</real><key>contrast_base</key><array><real>1</real><real>1</real><real>1</real><real>0.5</real></array><key>enable_bloom</key><boolean>0</boolean><key>enable_color_filter</key><boolean>0</boolean><key>enable_night_vision</key><boolean>0</boolean><key>extract_high</key><real>1</real><key>extract_low</key><real>0.94999999999999996</real><key>noise_size</key><real>25</real><key>noise_strength</key><real>0.40000000000000002</real><key>saturation</key><real>1</real></map></map></llsd>
><map><key>bloom_strength</key><real>1.5</real><key>bloom_width</key><real>2.25</real><key>brightness</key><real>1</real><key>brightness_multiplier</key><real>3</real><key>contrast</key><real>1</real><key>contrast_base</key><array><real>1</real><real>1</real><real>1</real><real>0.5</real></array><key>enable_bloom</key><boolean>0</boolean><key>enable_color_filter</key><boolean>0</boolean><key>enable_night_vision</key><boolean>0</boolean><key>extract_high</key><real>1</real><key>extract_low</key><real>0.94999999999999996</real><key>noise_size</key><real>25</real><key>noise_strength</key><real>0.40000000000000002</real><key>saturation</key><real>1</real></map></map></llsd>
